Id|Title|ISBN
1|Atomic Habits|978-0-735-21129-2
2|The Alchemist|978-0-062-31611-0
3|A Game of Thrones|978-0-553-38016-3
4|The Hobbit|978-0-345-33970-6
5|Dune|978-0-441-01359-3
6|The Name of the Wind|978-0-765-37706-7
7|Fifty Shades of Grey|978-0-345-80348-1
8|It Ends with Us|978-1-501-12803-5
9|Thinking, Fast and Slow|978-0-143-12774-1
10|The Road|978-0-307-27767-1
11|The Fellowship of the Ring|978-0-547-92822-7
12|The Two Towers|978-0-547-92820-3
13|The Return of the King|978-0-547-92819-7
14|Brave New World|978-0-060-85052-4
15|1984|978-0-451-52493-5
16|Ready Player One|978-0-385-53785-8
17|Harry Potter and the Sorcerer's Stone|978-0-590-35342-7
18|Harry Potter and the Chamber of Secrets|978-0-439-70818-0
19|Harry Potter and the Prisoner of Azkaban|978-0-439-13960-1
20|To Kill a Mockingbird|978-0-061-12008-4
21|Easy Spanish Step-By-Step|978-1-259-64341-5
22|Complete German|978-1-444-17739-3
23|Practice Makes Perfect: French Verb Tenses|978-1-260-45515-1
24|Living Language Japanese|978-0-071-75030-1
25|Colloquial Russian|978-1-138-95012-2
26|The Five Dysfunctions of a Team|978-0-470-89386-9
27|The 7 Habits of Highly Effective People|978-1-982-13727-4
28|The Girl on the Train|978-1-594-63366-9
29|Ready Player Two|978-0-307-88744-3
30|Good to Great|978-0-066-62099-2
31|Deep Work|978-1-455-58669-1
32|Mindset: The New Psychology of Success|978-0-345-47232-8
33|The Power of Now|978-1-577-31480-6
34|Man's Search for Meaning|978-0-807-01827-1
35|The Four Agreements|978-1-878-42431-0
36|The Way of Kings|978-0-765-32343-9
37|Words of Radiance|978-0-765-32636-2
38|Oathbringer|978-0-765-32637-9
39|Mistborn: The Final Empire|978-0-765-31888-2
40|The Eye of the World|978-0-812-51452-9
41|Foundation|978-0-553-80371-0
42|Ender's Game|978-0-812-55070-2
43|The Martian|978-0-804-13902-1
44|Snow Crash|978-0-553-38095-8
45|Neuromancer|978-0-441-56956-8
46|English Grammar in Use|978-1-107-45765-1
47|Practice Makes Perfect: Spanish Conversation|978-0-071-76936-5
48|German Grammar Drills|978-0-071-75971-7
49|French for Dummies|978-1-119-37173-0
50|Russian for Dummies|978-1-119-52647-5
